"","Richness","Normalized.Richness","Effective.Richness","Shannon.Index","Shannon.Effective","Simpson.Index","Simpson.Effective","Evenness","mouse_id","Genotype","Age","Genotype_Age","Tissue","Phenotype","Tissue_Age","Age_Genotype","Age_Phenotype","Exact_Age","Tumor_No","Cage","Litter","Cage_Genotype","Gender","ATF6_expression","GRP78_expression","Faiths.PD"
"D29668_01-AV967",405,225,80,4.78272352070518,119.43,0.0163741636785028,61.07,0.552164170764823,"AV967","tg/tg","5wk","tg/tg_5wk","Healthy","NT","Healthy_5wk","5wk_tg/tg","5wk_NT",5.3,0,"T","162","T_tg/tg","f",5.120869837,23.50217257,13.672638662154
"D29669_02-AV968",419,189,73,4.51730271741649,91.59,0.0265930763548997,37.6,0.518586051911391,"AV968","tg/tg","5wk","tg/tg_5wk","Healthy","NT","Healthy_5wk","5wk_tg/tg","5wk_NT",5.3,0,"T","162","T_tg/tg","f",7.497392279,27.88444959,14.3691583735961
"D29670_03-AV971",358,170,75,4.46547071537616,86.96,0.0240596790937263,41.56,0.526351683324285,"AV971","tg/tg","5wk","tg/tg_5wk","Healthy","NT","Healthy_5wk","5wk_tg/tg","5wk_NT",5.3,0,"U","165","U_tg/tg","m",4.530663119,23.61102698,13.672005094541
"D29671_04-AV972",451,203,83,4.75194814491232,115.81,0.0175113850918968,57.11,0.538953949327833,"AV972","tg/tg","5wk","tg/tg_5wk","Healthy","NT","Healthy_5wk","5wk_tg/tg","5wk_NT",5.3,0,"U","165","U_tg/tg","m",7.602051975,23.72038557,15.1911957302783
"D29672_05-AV974",393,212,80,4.73901413952924,114.32,0.0169923092784411,58.85,0.549872611092564,"AV974","tg/tg","5wk","tg/tg_5wk","Healthy","NT","Healthy_5wk","5wk_tg/tg","5wk_NT",5.3,0,"V","165","V_tg/tg","f",5.992074477,23.4479337,13.738755139836
"D29673_06-AV996",383,175,64,4.27963055504548,72.21,0.0374413639788685,26.71,0.498721654876579,"AV996","tg/tg","5wk","tg/tg_5wk","Healthy","NT","Healthy_5wk","5wk_tg/tg","5wk_NT",5.1,0,"W","170","W_tg/tg","f",NA,NA,13.218581928991
"D29675_08-AV583",373,168,60,4.34279814107119,76.92,0.0271027261023263,36.9,0.50834390324692,"AV583","tg/wt","5wk","tg/wt_5wk","Healthy","NT","Healthy_5wk","5wk_tg/wt","5wk_NT",5.3,0,"F","141","F_tg/wt","f",2.178077903,23.61102698,12.9060174138267
"D29676_09-AV584",454,240,82,4.82813324914066,124.98,0.0187669837699969,53.29,0.547001271911954,"AV584","tg/wt","5wk","tg/wt_5wk","Healthy","NT","Healthy_5wk","5wk_tg/wt","5wk_NT",5.3,0,"F","141","F_tg/wt","f",2.776092338,20.60213894,14.722328485444
"D29677_10-AV587",479,253,97,5.11358708084478,166.27,0.0116572403267018,85.78,0.574309853773894,"AV587","tg/wt","5wk","tg/wt_5wk","Healthy","NT","Healthy_5wk","5wk_tg/wt","5wk_NT",5.1,0,"G","140","G_tg/wt","m",2.405586854,17.93520366,16.0120421832363
"D29678_11-AV588",498,249,92,5.09908109406894,163.87,0.0134134298143947,74.55,0.569093749390744,"AV588","tg/wt","5wk","tg/wt_5wk","Healthy","NT","Healthy_5wk","5wk_tg/wt","5wk_NT",4.9,0,"G","140","G_tg/wt","m",2.744206198,20.93805541,16.0290178607563
"D29679_12-AV596",501,239,78,4.8286793593218,125.05,0.0280352495175345,35.67,0.538394331137986,"AV596","tg/wt","5wk","tg/wt_5wk","Healthy","NT","Healthy_5wk","5wk_tg/wt","5wk_NT",4.9,0,"H","139","H_tg/wt","m",NA,NA,16.2229639798563
"D29680_13-AV597",478,245,83,4.98912376236777,146.81,0.0135286472908658,73.92,0.560521112156671,"AV597","tg/wt","5wk","tg/wt_5wk","Healthy","NT","Healthy_5wk","5wk_tg/wt","5wk_NT",4.9,0,"H","139","H_tg/wt","m",NA,NA,15.6000344829275
"D29683_16-AV816",401,209,84,4.61444100253589,100.93,0.0306755785758115,32.6,0.53361817715354,"AV816","fl/fl","5wk","fl/fl_5wk","Healthy","NT","Healthy_5wk","5wk_fl/fl","5wk_NT",5,0,"Q","159","Q_fl/fl","m",NA,NA,13.637309162204
"D29684_17-AV817",388,197,76,4.59389568559688,98.88,0.0230931835646756,43.3,0.534179330639421,"AV817","tg/tg","5wk","tg/tg_5wk","Healthy","NT","Healthy_5wk","5wk_tg/tg","5wk_NT",5,0,"Q","159","Q_tg/tg","m",5.425372628,25.42287977,13.7459929611674
"D29685_18-AV863",424,227,73,4.80005143786311,121.52,0.0172951290665847,57.82,0.549965076200197,"AV863","fl/fl","5wk","fl/fl_5wk","Healthy","NT","Healthy_5wk","5wk_fl/fl","5wk_NT",5,0,"S","160","S_fl/fl","m",NA,NA,14.195002875341
"D29686_19-AV864",429,236,82,4.90518962990961,134.99,0.0158932583252615,62.92,0.560924280673603,"AV864","fl/fl","5wk","fl/fl_5wk","Healthy","NT","Healthy_5wk","5wk_fl/fl","5wk_NT",5,0,"S","160","S_fl/fl","m",NA,NA,14.586908003511
"D29691_24-AV580",519,227,59,4.66072333842027,105.71,0.0225051131237829,44.43,0.516733350634947,"AV580","fl/fl","12wk","fl/fl_12wk","Healthy","NT","Healthy_12wk","12wk_fl/fl","12wk_NT",12,0,"F","141","F_fl/fl","f",NA,NA,16.5147348680999
"D29692_25-AV608",460,235,69,4.68606996560836,108.43,0.0226264743458609,44.2,0.529769400973784,"AV608","fl/fl","12wk","fl/fl_12wk","Healthy","NT","Healthy_12wk","12wk_fl/fl","12wk_NT",11.7,0,"I","144","I_fl/fl","m",NA,NA,15.3932722304089
"D29699_32-AV572",482,250,88,4.96928647896557,143.92,0.0158682373855137,63.02,0.557539344594568,"AV572","fl/fl","20wk","fl/fl_20wk","Healthy","NT","Healthy_20wk","20wk_fl/fl","20wk_NT",20.3,0,"E","138","E_fl/fl","m",NA,NA,15.4884256213067
"D29700_33-AV586",461,278,93,5.14757583767025,172.01,0.0111085180068704,90.02,0.581737505635027,"AV586","fl/fl","20wk","fl/fl_20wk","Healthy","NT","Healthy_20wk","20wk_fl/fl","20wk_NT",18,0,"G","140","G_fl/fl","m",NA,NA,15.7243194510233
"D29701_34-AV589",476,256,83,4.87938004452512,131.55,0.021045400211379,47.52,0.548564363471625,"AV589","fl/fl","20wk","fl/fl_20wk","Healthy","NT","Healthy_20wk","20wk_fl/fl","20wk_NT",18,0,"G","140","G_fl/fl","m",NA,NA,14.9139738172669
"D29702_35-AV590",513,244,79,4.97546081396165,144.82,0.0144427116973403,69.24,0.55265611981767,"AV590","fl/fl","20wk","fl/fl_20wk","Healthy","NT","Healthy_20wk","20wk_fl/fl","20wk_NT",18,0,"G","140","G_fl/fl","m",NA,NA,15.4171265837133
"D29703_36-AV591",503,233,71,4.79761623300033,121.22,0.0197466301614372,50.64,0.534588210182553,"AV591","fl/fl","20wk","fl/fl_20wk","Healthy","NT","Healthy_20wk","20wk_fl/fl","20wk_NT",18.3,0,"G","140","G_fl/fl","m",NA,NA,15.4890649942554
"D29704_37-AV598",495,273,86,5.04244892858019,154.85,0.0148973376668644,67.13,0.563321253780363,"AV598","fl/fl","20wk","fl/fl_20wk","Healthy","NT","Healthy_20wk","20wk_fl/fl","20wk_NT",18.3,0,"H","139","H_fl/fl","m",NA,NA,15.3493244911869
"D29707_40-AV521",527,257,90,5.13966746535031,170.66,0.0108262793567816,92.37,0.568442957111433,"AV521","tg/wt","20wk","tg/wt_20wk","Healthy","NT","Healthy_20wk","20wk_tg/wt","20wk_NT",20,0,"A","131","A_tg/wt","m",NA,NA,16.3299025986163
"D29708_41-AV527",536,297,90,5.27691673674449,195.77,0.00940887949792647,106.28,0.582049947434726,"AV527","tg/wt","20wk","tg/wt_20wk","Healthy","NT","Healthy_20wk","20wk_tg/wt","20wk_NT",20,0,"B","131","B_tg/wt","f",NA,NA,16.8646716596763
"D29709_42-AV541",531,271,83,5.11132210503563,165.89,0.0119152257443562,83.93,0.564626753021932,"AV541","tg/wt","20wk","tg/wt_20wk","Healthy","NT","Healthy_20wk","20wk_tg/wt","20wk_NT",19.9,0,"C","133","C_tg/wt","m",NA,NA,16.7254311966563
"D29710_43-AV542",536,277,88,5.04294434998038,154.93,0.0181669480016302,55.05,0.556242525750593,"AV542","tg/wt","20wk","tg/wt_20wk","Healthy","NT","Healthy_20wk","20wk_tg/wt","20wk_NT",19.9,0,"C","133","C_tg/wt","m",NA,NA,16.7397521704363
"D29711_44-AV543",524,267,97,5.13568565383521,169.98,0.011780952355587,84.88,0.568520443796459,"AV543","tg/wt","20wk","tg/wt_20wk","Healthy","NT","Healthy_20wk","20wk_tg/wt","20wk_NT",20.1,0,"C","133","C_tg/wt","m",NA,NA,16.8186831189157
"D29712_45-AV571",553,294,93,5.25597366633933,191.71,0.010057509529839,99.43,0.576873603530034,"AV571","tg/wt","20wk","tg/wt_20wk","Healthy","NT","Healthy_20wk","20wk_tg/wt","20wk_NT",20.3,0,"E","138","E_tg/wt","m",NA,NA,16.9280721944433
"D29715_48-AV551T",319,204,86,4.68658910823915,108.48,0.0166869199983801,59.93,0.56346718936164,"AV551T","tg/tg","20wk","tg/tg_20wk","Tumor","T","Tumor_20wk","20wk_tg/tg","20wk_T",17.3,NA,"C","136","C_tg/tg","m",NA,NA,13.0221580609753
"D29716_49-AV555T",263,177,63,4.02050089846072,55.73,0.0511853911157021,19.54,0.500129545255519,"AV555T","tg/tg","20wk","tg/tg_20wk","Tumor","T","Tumor_20wk","20wk_tg/tg","20wk_T",18.3,NA,"D","136","D_tg/tg","f",NA,NA,11.4278592783005
"D29717_50-AV555TA",386,198,67,4.35547964440215,77.9,0.0362743374891279,27.57,0.506895713939694,"AV555TA","tg/tg","20wk","tg/tg_20wk","Tumor_adjacent","T","Tumor_adjacent_20wk","20wk_tg/tg","20wk_T",18.3,NA,"D","136","D_tg/tg","f",NA,NA,14.4908449783775
"D29718_51-AV612T",419,201,76,4.64161689472893,103.71,0.0209859983756544,47.65,0.53285731120967,"AV612T","tg/tg","20wk","tg/tg_20wk","Tumor","T","Tumor_20wk","20wk_tg/tg","20wk_T",18,NA,"I","144","I_tg/tg","m",NA,NA,14.7010577129124
"D29719_52-AV612TA",518,231,85,4.89144235509216,133.15,0.016196473946179,61.74,0.542480465263076,"AV612TA","tg/tg","20wk","tg/tg_20wk","Tumor_adjacent","T","Tumor_adjacent_20wk","20wk_tg/tg","20wk_T",18,NA,"I","144","I_tg/tg","m",NA,NA,15.9855367428633
"D29720_53-AV650T",529,271,97,5.12570524748601,168.29,0.012330073642681,81.1,0.566556321907201,"AV650T","tg/tg","20wk","tg/tg_20wk","Tumor","T","Tumor_20wk","20wk_tg/tg","20wk_T",16.7,NA,"J","142","J_tg/tg","f",NA,NA,17.1392688726947
"D29721_54-AV650TA",528,239,80,4.93054907718902,138.46,0.0153227616324367,65.26,0.545149737187565,"AV650TA","tg/tg","20wk","tg/tg_20wk","Tumor_adjacent","T","Tumor_adjacent_20wk","20wk_tg/tg","20wk_T",16.7,NA,"J","142","J_tg/tg","f",NA,NA,16.9707019487963
"D29722_55-AV717T",449,180,60,4.24859840459119,70.01,0.0380652187302093,26.27,0.482215976525117,"AV717T","tg/tg","20wk","tg/tg_20wk","Tumor","T","Tumor_20wk","20wk_tg/tg","20wk_T",16.9,9,"K","152","K_tg/tg","m",NA,NA,15.7249105089133
"D29723_56-AV718T",292,189,78,4.41916913137205,83.03,0.0257539969208995,38.83,0.539592649341977,"AV718T","tg/tg","20wk","tg/tg_20wk","Tumor","T","Tumor_20wk","20wk_tg/tg","20wk_T",16.9,8,"K","152","K_tg/tg","m",NA,NA,12.2554594663747
"D29733_66-AV604T",425,185,81,4.53967572480674,93.66,0.0299433711597434,33.4,0.519930116936041,"AV604T","tg/tg","12wk","tg/tg_12wk","Tumor","T","Tumor_12wk","12wk_tg/tg","12wk_T",12.3,3,"I","143","I_tg/tg","m",NA,NA,15.2283192831406
"D29734_67-AV770T",498,262,90,5.09734997691915,163.59,0.0123152903437334,81.2,0.568900544393367,"AV770T","tg/tg","12wk","tg/tg_12wk","Tumor","T","Tumor_12wk","12wk_tg/tg","12wk_T",12.1,1,"L","147a","L_tg/tg","f",NA,NA,16.3843748032183
"D29735_68-AV791T",526,251,84,4.95552138319941,141.96,0.0181813062799724,55,0.548242703477023,"AV791T","tg/tg","12wk","tg/tg_12wk","Tumor","T","Tumor_12wk","12wk_tg/tg","12wk_T",12.1,3,"N","152a","N_tg/tg","f",NA,NA,16.6819883733193
"D29736_69-AV782.2T",490,267,100,5.0932997828705,162.93,0.0124282347211038,80.46,0.5699346686791,"AV7822T","tg/tg","12wk","tg/tg_12wk","Tumor","T","Tumor_12wk","12wk_tg/tg","12wk_T",12.1,1,"M","149","M_tg/tg","f",NA,NA,15.8097007906333
"D29737_70-AV794T",473,239,71,4.82124053830993,124.12,0.0209511362445841,47.73,0.542584434099679,"AV794T","tg/tg","12wk","tg/tg_12wk","Tumor","T","Tumor_12wk","12wk_tg/tg","12wk_T",12,1,"N","152a","N_tg/tg","f",NA,NA,14.9747446443593
"D29738_71-AV604TA",484,193,75,4.48573489042033,88.74,0.0356527047539834,28.05,0.50294917312703,"AV604TA","tg/tg","12wk","tg/tg_12wk","Tumor_adjacent","T","Tumor_adjacent_12wk","12wk_tg/tg","12wk_T",12.3,3,"I","143","I_tg/tg","m",NA,NA,15.9749456375753
"D29739_72-AV770TA",559,268,83,5.08934676790021,162.28,0.0126169558466876,79.26,0.557632471068142,"AV770TA","tg/tg","12wk","tg/tg_12wk","Tumor_adjacent","T","Tumor_adjacent_12wk","12wk_tg/tg","12wk_T",12.1,1,"L","147a","L_tg/tg","f",NA,NA,17.163590134137
"D29740_73-AV791TA",529,249,83,4.91608582587666,136.47,0.019360699471485,51.65,0.543386591543646,"AV791TA","tg/tg","12wk","tg/tg_12wk","Tumor_adjacent","T","Tumor_adjacent_12wk","12wk_tg/tg","12wk_T",12.1,3,"N","152a","N_tg/tg","f",NA,NA,16.6415359466299
"D29741_74-AV782.2TA",528,265,89,5.08074214564432,160.89,0.0141099259987217,70.87,0.561755942807666,"AV7822TA","tg/tg","12wk","tg/tg_12wk","Tumor_adjacent","T","Tumor_adjacent_12wk","12wk_tg/tg","12wk_T",12.1,1,"M","149","M_tg/tg","f",NA,NA,16.0207470502633
"D29742_75-AV794TA",520,233,77,4.8923452763366,133.27,0.0156864983859178,63.75,0.542246268132847,"AV794TA","tg/tg","12wk","tg/tg_12wk","Tumor_adjacent","T","Tumor_adjacent_12wk","12wk_tg/tg","12wk_T",12,1,"N","152a","N_tg/tg","f",NA,NA,15.5826931943963
"D29743_76-AV833T",475,247,78,4.89988109836844,134.27,0.0170449399045004,58.67,0.551057162647238,"AV833T","tg/tg","12wk","tg/tg_12wk","Tumor","T","Tumor_12wk","12wk_tg/tg","12wk_T",12.4,5,"R","158","R_tg/tg","f",NA,NA,15.9875722037863
"D29746_79-AV567",537,254,78,4.96017164853015,142.62,0.0159308076121484,62.77,0.546950371536928,"AV567","tg/wt","12wk","tg/wt_12wk","Healthy","NT","Healthy_12wk","12wk_tg/wt","12wk_NT",12,0,"D","138","D_tg/wt","f",NA,NA,16.4708246479963
"D29747_80-AV568",513,231,81,4.86616400608166,129.82,0.0181386320677135,55.13,0.540515827287998,"AV568","tg/wt","12wk","tg/wt_12wk","Healthy","NT","Healthy_12wk","12wk_tg/wt","12wk_NT",12,0,"D","138","D_tg/wt","f",NA,NA,16.3916037465657
"D29748_81-AV570",495,212,77,4.62580648170653,102.09,0.02514685541861,39.77,0.516775706393514,"AV570","tg/wt","12wk","tg/wt_12wk","Healthy","NT","Healthy_12wk","12wk_tg/wt","12wk_NT",12.6,0,"D","138","D_tg/wt","f",NA,NA,15.8433702856015
"D29749_82-AV579",512,220,71,4.63969045822357,103.51,0.0259439395466745,38.54,0.515521162024841,"AV579","tg/wt","12wk","tg/wt_12wk","Healthy","NT","Healthy_12wk","12wk_tg/wt","12wk_NT",12,0,"F","141","F_tg/wt","f",NA,NA,16.706114150164
"D29750_83-AV814",477,232,79,4.7535630804136,116,0.0230835123711064,43.32,0.534237541426979,"AV814","tg/wt","12wk","tg/wt_12wk","Healthy","NT","Healthy_12wk","12wk_tg/wt","12wk_NT",12.3,0,"P","157","P_tg/wt","m",NA,NA,15.8198237861863
"D29751_84-AV803",504,286,92,5.17390285581386,176.6,0.012822833711668,77.99,0.576333020681474,"AV803","tg/wt","12wk","tg/wt_12wk","Healthy","NT","Healthy_12wk","12wk_tg/wt","12wk_NT",12.4,0,"O","156","O_tg/wt","f",NA,NA,16.3730581382563
"D29752_85-AV865",480,259,104,5.20523029202895,182.22,0.00967187718767616,103.39,0.584404875770603,"AV865","fl/fl","5wk","fl/fl_5wk","Healthy","NT","Healthy_5wk","5wk_fl/fl","5wk_NT",5,0,"S","160","S_fl/fl","m",NA,NA,16.0297301480474
"D29753_86-AV866",434,244,90,4.89635636944629,133.8,0.0171741798561138,58.23,0.558845829870266,"AV866","fl/fl","5wk","fl/fl_5wk","Healthy","NT","Healthy_5wk","5wk_fl/fl","5wk_NT",5,0,"S","160","S_fl/fl","m",NA,NA,15.1661764211837
"D29758_91-AV609",547,260,82,4.970380849327,144.08,0.0149023450127934,67.1,0.546472115166771,"AV609","fl/fl","12wk","fl/fl_12wk","Healthy","NT","Healthy_12wk","12wk_fl/fl","12wk_NT",11.7,0,"I","144","I_fl/fl","m",NA,NA,16.9904926916933
"D29759_92-AV610",507,257,79,4.9045185961483,134.9,0.017691454004602,56.52,0.545805126612754,"AV610","fl/fl","12wk","fl/fl_12wk","Healthy","NT","Healthy_12wk","12wk_fl/fl","12wk_NT",12,0,"I","144","I_fl/fl","m",NA,NA,15.9370253570483
"D29760_93-AV611",521,253,80,5.0685720624925,158.95,0.0127870447508618,78.2,0.561605948308779,"AV611","fl/fl","12wk","fl/fl_12wk","Healthy","NT","Healthy_12wk","12wk_fl/fl","12wk_NT",12,0,"I","144","I_fl/fl","m",NA,NA,16.1037330763733
"D29761_94-AV802",454,279,93,5.18912295433849,179.31,0.0103607126948754,96.52,0.58789944470482,"AV802","fl/fl","12wk","fl/fl_12wk","Healthy","NT","Healthy_12wk","12wk_fl/fl","12wk_NT",12.4,0,"O","156","O_fl/fl","f",NA,NA,15.8365741002063
